{"cameraMode":{"drawMode":0,"name":"Shaded","section":"Shading Mode"},"sceneLighting":true,"audioPlay":false,"sceneViewState":{"showFog":true,"showMaterialUpdate":false,"showSkybox":true,"showFlares":true,"showImageEffects":true,"showParticleSystems":true},"in2DMode":false,"pivot":{"x":-116.29983520507813,"y":-47.173583984375,"z":-107.25048828125},"rotation":{"x":0.07100318372249603,"y":-0.899547815322876,"z":0.15951181948184968,"w":0.4004150331020355},"size":92.42040252685547,"orthographic":false}